[
    {
        "productId": 8,
        "productName": "High-Rise DressPants",
        "brand": "Shein",
        "images": {
                    "#94352e":"http://cis-linux2.temple.edu:8080/sp21_3308_tul46491/pics/fp1Burgundy.png",  
                     "green": "http://cis-linux2.temple.edu:8080/sp21_3308_tul46491/pics/fp1Green.png",                  
                    "yellow": "http://cis-linux2.temple.edu:8080/sp21_3308_tul46491/pics/fp1Yellow.png",
                    "black":"http://cis-linux2.temple.edu:8080/sp21_3308_tul46491/pics/fp1Black.png"
            
                 },
        "stock": 132,
        "wholesalePrice": 15,
        "retailPrice": 32,
        "rating": 4,
        "numReviews": 47
        
       
    },
    {
        "productId": 6,
        "productName": "Flap Side Pocket ",
        "brand": "Shein",
        "images": {
                    
                    "black": "http://cis-linux2.temple.edu:8080/sp21_3308_tul46491/pics/fp2Black.png",
                    "#d1bd99":"http://cis-linux2.temple.edu:8080/sp21_3308_tul46491/pics/fp2Brown.png",
                    "#8a997c": "http://cis-linux2.temple.edu:8080/sp21_3308_tul46491/pics/fp2Green.png"
                    
            
                 },
        "stock": 67,
        "wholesalePrice": 19.99,
        "retailPrice": 35,
        "rating": 5,
        "numReviews": 239  
    },
    {
        "productId": 5,
        "productName": "High-Waist Plaid",
        "brand": "Fashinova",
        "images": {
                    "#f0f0f0": "http://cis-linux2.temple.edu:8080/sp21_3308_tul46491/pics/fp3White.png",
                    "#f5f3ed":"http://cis-linux2.temple.edu:8080/sp21_3308_tul46491/pics/fp3Brown.png",          
                    "#ebddb9": "http://cis-linux2.temple.edu:8080/sp21_3308_tul46491/pics/fp3DarkBrown.png"
                    
            
                 },

        "stock": 543,
        "wholesalePrice": 12,
        "retailPrice": 43,
        "rating": 5,
        "numReviews": 1234
    },
    {
        "productId": 3,
        "productName": "Tapered DrawString Waist Cord ",
        "brand": "Shein",
        "images": {
                    "#7cb0d9": "http://cis-linux2.temple.edu:8080/sp21_3308_tul46491/pics/fp4Blue.png",
                    "#c79885":"http://cis-linux2.temple.edu:8080/sp21_3308_tul46491/pics/fp4Brown.png",
                    "#5d856a": "http://cis-linux2.temple.edu:8080/sp21_3308_tul46491/pics/fp4Green.png"               
                    
            
                 },
      
        "stock": 165,
        "wholesalePrice": 23,
        "retailPrice": 35,
        "rating": 2.9,
        "numReviews": 34
    },
    {
        "productId": 2,
        "productName": "Spotted Sbetro High-Waist",
        "brand": "Fashionova",
        "images": {
                    
                    "#f5f5f5": "http://cis-linux2.temple.edu:8080/sp21_3308_tul46491/pics/fp5White.png",
                    "#b6d9b6":"http://cis-linux2.temple.edu:8080/sp21_3308_tul46491/pics/fp5Green.png"
                    
            
                 },
        "stock": 121,
        "wholesalePrice": 32.99,
        "retailPrice": 55,
        "rating": 4.9,
        "numReviews": 235
    },
    
    
    {
        "productId": 4,
        "productName": "Two-Tone Elastic Waist",
        "brand": "GymShark",
        "images": {
                    "b6d9b6": "http://cis-linux2.temple.edu:8080/sp21_3308_tul46491/pics/fp6Green.png",
                    "grey":"http://cis-linux2.temple.edu:8080/sp21_3308_tul46491/pics/fp6Grey.png"                
                    
            
                 },
      
        "stock": 432,
        "wholesalePrice": 12,
        "retailPrice": 38,
        "rating": 5,
        "numReviews": 492
    },
    {
        "productId": 7,
        "productName": "High-Rise Plaid",
        "brand": "Shein",
        "images": {
                    "#6b876f": "http://cis-linux2.temple.edu:8080/sp21_3308_tul46491/pics/fp7Green.png",
                    "#827e6b":"http://cis-linux2.temple.edu:8080/sp21_3308_tul46491/pics/fp7DarkBrown.png"                
                    
            
                 },
      
        "stock": 34,
        "wholesalePrice": 23,
        "retailPrice": 35,
        "rating": 3,
        "numReviews": 49
    },
    {
        "productId": 1,
        "productName": "SBetro High-Waist",
        "brand": "Shein",
        "images": {
                    "black": "http://cis-linux2.temple.edu:8080/sp21_3308_tul46491/pics/fp8Black.png",
                    "#beafe0":"http://cis-linux2.temple.edu:8080/sp21_3308_tul46491/pics/fp8Purple.png",  
                    "b6d9b6":"http://cis-linux2.temple.edu:8080/sp21_3308_tul46491/pics/fp8Green.png"
                    
            
                 },
      
        "stock": 863,
        "wholesalePrice": 10,
        "retailPrice": 27,
        "rating": 5,
        "numReviews": 712
    }
   
    
   

]

