[
    {
        "productId": 3,
        "productName": "Air Jordan 1",
        "brand": "Jordan",
        "images": {
                    "red": "http://cis-linux2.temple.edu:8080/sp21_3308_tul46491/pics/aj1Red.png",
                    "green":"http://cis-linux2.temple.edu:8080/sp21_3308_tul46491/pics/aj1Green.png",                   
                    "blue": "http://cis-linux2.temple.edu:8080/sp21_3308_tul46491/pics/aj1Blue.png",
                    "white":"http://cis-linux2.temple.edu:8080/sp21_3308_tul46491/pics/aj1White.png"
            
                 },
        "stock": 904,
        "wholesalePrice": 200,
        "retailPrice": 290,
        "rating": 3.2,
        "numReviews": 23
        
       
    },
    {
        "productId": 2,
        "productName": "RB Foamposites",
        "brand": "Nike",
        "images": {
                    "black":"http://cis-linux2.temple.edu:8080/sp21_3308_tul46491/pics/foamBlack.png",
                    "red": "http://cis-linux2.temple.edu:8080/sp21_3308_tul46491/pics/foamRed.png",
                    "blue": "http://cis-linux2.temple.edu:8080/sp21_3308_tul46491/pics/foamBlue.png",
                    "#bfff96":"http://cis-linux2.temple.edu:8080/sp21_3308_tul46491/pics/foamGreen.png"
            
                 },
        "stock": 133,
        "wholesalePrice": 150,
        "retailPrice": 250,
        "rating": 4.3,
        "numReviews": 239  
    },
    {
        "productId": 6,
        "productName": "Jordan Retro 12",
        "brand": "Jordan",
        "images": {
                    "blue": "http://cis-linux2.temple.edu:8080/sp21_3308_tul46491/pics/aj12Blue.png",
                    "white":"http://cis-linux2.temple.edu:8080/sp21_3308_tul46491/pics/aj12White.png",          
                    "red": "http://cis-linux2.temple.edu:8080/sp21_3308_tul46491/pics/aj12Red.png",
                    "#708c5b":"http://cis-linux2.temple.edu:8080/sp21_3308_tul46491/pics/aj12Green.png"
            
                 },

        "stock": 115,
        "wholesalePrice": 240,
        "retailPrice": 1900,
        "rating": 4.9,
        "numReviews": 123
    },
    {
        "productId": 4,
        "productName": "Timberland Boots",
        "brand": "Timberland",
        "images": {
                    "grey": "http://cis-linux2.temple.edu:8080/sp21_3308_tul46491/pics/timGrey.png",
                    "blue":"http://cis-linux2.temple.edu:8080/sp21_3308_tul46491/pics/timBlue.png",
                    "red": "http://cis-linux2.temple.edu:8080/sp21_3308_tul46491/pics/timRed.png",               
                    "black":"http://cis-linux2.temple.edu:8080/sp21_3308_tul46491/pics/timBlack.png",
                    "brown":"http://cis-linux2.temple.edu:8080/sp21_3308_tul46491/pics/timBrown.png"
            
                 },
      
        "stock": 165,
        "wholesalePrice": 230,
        "retailPrice": 350,
        "rating": 5,
        "numReviews": 654
    },
    {
        "productId": 5,
        "productName": "Curry Flow 8",
        "brand": "Under Armour",
        "images": {
                    "white":"http://cis-linux2.temple.edu:8080/sp21_3308_tul46491/pics/curryFlow8_B.jpg",
                    "blue": "http://cis-linux2.temple.edu:8080/sp21_3308_tul46491/pics/cf8Blue.png",
                    "red": "http://cis-linux2.temple.edu:8080/sp21_3308_tul46491/pics/cf8Red.png",
                    "black":"http://cis-linux2.temple.edu:8080/sp21_3308_tul46491/pics/cf8Green.png"
            
                 },
        "stock": 121,
        "wholesalePrice": 200,
        "retailPrice": 300,
        "rating": 4.9,
        "numReviews": 235
    },
    
    
    {
        "productId": 1,
        "productName": "Jordan Retro 13",
        "brand": "Jordan",
        "images": {
                    
                    "#a0f2e6":"http://cis-linux2.temple.edu:8080/sp21_3308_tul46491/pics/aj13Green.png",                 
                    "red": "http://cis-linux2.temple.edu:8080/sp21_3308_tul46491/pics/aj13Red.png",
                    "grey":"http://cis-linux2.temple.edu:8080/sp21_3308_tul46491/pics/aj13White.png"
                   
            
                 },
      
        "stock": 353,
        "wholesalePrice": 160,
        "retailPrice": 220,
        "rating": 4.1,
        "numReviews": 67
    },
    {
        "productId": 7,
        "productName": "Lebron 15s",
        "brand": "Nike",
        "images": {
                    "#a6b59c": "http://cis-linux2.temple.edu:8080/sp21_3308_tul46491/pics/lebron15Green.png",
                    "blue": "http://cis-linux2.temple.edu:8080/sp21_3308_tul46491/pics/lebron15Blue.png",
                    "white":"http://cis-linux2.temple.edu:8080/sp21_3308_tul46491/pics/lebron15White.png"                
                    
                    
            
                 },
      
        "stock": 431,
        "wholesalePrice": 150,
        "retailPrice": 250,
        "rating": 4.8,
        "numReviews": 123
    }
    
   

]

